{
  "design_parameters": {
    "target_flight_time_min": 27.5,
    "target_speed_kmh": 65,
    "target_payload_kg": 3.75,
    "wing_area_m2": 0.162,
    "wing_span_m": 0.9
  },
  "weight_analysis": {
    "components_weight_kg": 3.155,
    "payload_weight_kg": 3.75,
    "total_weight_kg": 6.904999999999999,
    "total_weight_g": 6904.999999999999
  },
  "wing_loading": {
    "wing_loading_n_m2": 418.1361111111111,
    "wing_loading_kg_m2": 42.62345679012345,
    "wing_area_m2": 0.162,
    "total_weight_kg": 6.904999999999999
  },
  "stall_speed": {
    "stall_speed_ms": 23.851470985630687,
    "stall_speed_kmh": 85.86529554827048,
    "safe_cruise_speed_ms": 31.006912281319895,
    "safe_cruise_speed_kmh": 111.62488421275162
  },
  "thrust_to_weight": {
    "estimated_thrust_n": 38.5,
    "estimated_thrust_kgf": 3.9245667686034658,
    "weight_n": 67.73805,
    "weight_kg": 6.904999999999999,
    "thrust_to_weight_ratio": 0.5683659331793578,
    "is_adequate": true
  },
  "flight_performance": {
    "power_required_watts": 76.35006077697338,
    "current_draw_amps": 5.158787890336039,
    "battery_capacity_mah": 10400,
    "usable_capacity_mah": 8320.0,
    "flight_time_minutes": 96.76691707661634,
    "flight_time_hours": 1.612781951276939,
    "cruise_speed_kmh": 65,
    "estimated_range_km": 104.83082683300104,
    "meets_target": true
  },
  "lift_to_drag_ratio": 10.799573596919435
}